0x00100000,m,000036,__ctr_start,gdef
0x00100024,U,000028,nninitRegion,
0x00100048,m,000008,_printf_percent,
0x00100050,U,000008,_printf_p,
0x00100058,U,000008,_printf_f,
0x00100060,U,000008,_printf_e,
0x00100068,U,000008,_printf_g,
0x00100070,U,000008,_printf_a,
0x00100078,U,000012,_printf_ll,
0x00100084,U,000008,_printf_i,
0x0010008C,U,000008,_printf_d,
0x00100094,U,000008,_printf_u,
0x0010009C,U,000008,_printf_o,
0x001000A4,U,000008,_printf_x,
0x001000AC,U,000008,_printf_lli,
0x001000B4,U,000008,_printf_lld,
0x001000BC,U,000008,_printf_llu,
0x001000C4,U,000008,_printf_llo,
0x001000CC,U,000008,_printf_llx,
0x001000D4,U,000012,_printf_l,
0x001000E0,U,000008,_printf_c,
0x001000E8,O,000008,_printf_s,
0x001000F0,U,000008,_printf_lc,
0x001000F8,U,000008,_printf_ls,
0x00100100,O,000008,_printf_percent_end,
0x00100108,O,000076,nnMain,
0x0010015C,U,000044,nninitCallStaticInitializers,
0x00100190,U,000068,nninitLocale,
0x001001DC,U,000032,nninitSetup,
0x001001FC,U,000088,_ZN2nn6applet3CTR6detail10InitializeEj,
0x0010025C,M,000176,_ZN11Application14createInstanceEPN4sead4HeapE,
0x00100318,U,000056,_ZN11Application3runEv,
0x00100354,U,000828,_ZN11Application4initEiPPc,
0x00100714,U,000040,_ZN19ApplicationFunction10initializeEiPPc,
0x0010073C,m,000016,_ZN2nn2fs28ForceDisableLatencyEmulationEv,
0x00100750,U,000012,_ZN2nn2os16GetAppMemorySizeEv,
0x00100760,U,000080,_ZN2nn2os18GetUsingMemorySizeEv,
0x001007B4,U,000020,nninitStartUp,
0x001007D4,U,000212,_ZN2nn2os3CTR6detail28SetInternalErrorHandlingModeEb,
0x001008B0,U,000012,_ZN2nn2os3CTR6detail28SetInternalErrorHandlingModeEb,
0x001008C0,O,000024,_ZN2nn3svc16GetResourceLimitEPNS_6HandleES1_,
0x001008D8,U,000384,_ZN4sead16GameFrameworkCtr10initializeERKNS_9Framework13InitializeArgE,
0x00100B00,U,000340,_ZNK2al16GameFrameworkCtr9tryCreateEi,
0x00100C7C,U,000208,_ZN2al15getLanguageCodeEv,
0x00100D50,O,000040,_ZN2al9SystemKit16createFileLoaderEi,
0x00100D78,U,000092,_ZN2al9SystemKit18createMemorySystemEPN4sead4HeapEmmm,
0x00100E48,U,000632,_ZN2al9SystemKit20createResourceSystemEPKciib,
0x001010F0,O,000052,_ZN2al9SystemKit20createSaveDataSystemEji,
0x00101148,U,000052,_ZN2al9SystemKitC2Ev,
0x0010117C,U,000164,_ZN2al9getRegionEv,
0x0010123C,U,000056,_ZN2nn2os15WaitableCounter10InitializeEv,
0x00101278,U,000036,nninitSetupDefault,
0x001012A0,U,000136,_ZN2nn2os6detail21InitializeStackMemoryEv,
0x001012B4,U,000136,_ZN2nn2os6detail22InitializeSharedMemoryEv,
0x001012C8,U,000188,_ZN2nn3cfg3CTR10InitializeEv,
0x00101398,U,000004,nninitSetupDaemons,
0x0010139C,U,000116,_ZN2nn3ndm19SetupDaemonsDefaultEv,
0x00101414,U,000056,_ZN2nn3ndm16SuspendSchedulerEb,
0x00101454,U,000164,_ZN2nn3srv17StartNotificationEv,
0x0010151C,U,000016,_ZN2nn6applet3CTR16SetAwakeCallbackEPFvjEj,
0x00101530,U,000016,_ZN2nn6applet3CTR21SetSleepQueryCallbackEPFNS1_10QueryReplyEjEj,
0x00101544,U,000016,_ZN2nn6applet3CTR24SetSleepCanceledCallbackEPFvjEj,
0x00101558,U,000628,_ZN2nn6applet3CTR6detail17InitializeConnectEjji,
0x00101800,U,000156,_ZN2nn6applet3CTR6detail6EnableEb,
0x00101924,U,000132,_ZN4sead17PrimitiveRenderer14createInstanceEPNS_4HeapE,
0x001019B8,U,000076,_ZN4sead17PrimitiveRenderer7prepareEPNS_4HeapERKNS_14SafeStringBaseIcEE,
0x00101A08,U,000016,_ZN4sead9Framework13InitializeArgC2Ev,
0x00101A18,U,000096,_ZN4sead9HashCRC1610initializeEv,
0x00101A84,U,000092,_ZN4sead9HashCRC3210initializeEv,
0x00101AEC,U,000056,_ZN4sead12TTaskFactoryI8RootTaskEEPNS_8TaskBaseERKNS_16TaskConstructArgE,
0x00101B24,O,000024,_ZN2nn3svc20CreateAddressArbiterEPNS_6HandleE,
0x00101B3C,U,000040,_ZN2al8loadFileERKN4sead14SafeStringBaseIcEEi,
0x00101B64,U,000096,_ZN2al10FileLoader8loadFileERKN4sead14SafeStringBaseIcEEiPNS1_10FileDeviceE,
0x00101BCC,U,000184,_ZN2al10FileLoaderC2Eib,
0x00101C8C,U,000400,_ZN2al12MemorySystemC2EPN4sead4HeapEmmm,
0x00101E64,U,000564,_ZN2al25createCategoryResourceAllERKN4sead14SafeStringBaseIcEEPNS0_5EventE,
0x001020C0,U,000352,_ZN2al14ResourceSystemC1EPKc,
0x00102764,U,000100,_ZN2al16GameFrameworkCtrC1ERKN4sead16GameFrameworkCtr9CreateArgE,
0x001027D0,U,000352,_ZN2al16SaveDataDirectorC2Eji,
0x001029A4,U,000004,_ZN2nn2os6Thread15NoParameterFuncEPFvvE,
0x001029A8,U,000048,_ZN2nn3cfg3CTR11GetLanguageEv,
0x001029E0,U,000004,_ZN2nn3dbg11PrintResultENS_6ResultE,
0x001029E4,U,000264,_ZN2nn3srv35_GLOBAL__N__11_srv_Api_cpp_bb32e4e216DispatcherThreadEv,
0x00102AF8,U,000052,_ZN2nn3srv6detail7Service14RegisterClientEv,
0x00102B34,U,000056,_ZN2nn3srv6detail7Service18EnableNotificationEPNS_6HandleE,
0x00102B70,U,000016,_ZN2nn5gxlow3CTR13SetAppletModeEv,
0x00102B84,U,000052,_ZN2nn6applet3CTR15CloseAppletHookEv,
0x00102BBC,U,000140,_ZN2nn6applet3CTR17InitializeWrapperEv,
0x00102C50,U,000100,_ZN2nn6applet3CTR6detail10ThreadFuncEi,
0x00103058,U,000012,_ZN2nn6applet3CTR6detail21CloseApplication_Func11PrepareCoreEv,
0x00103068,U,000020,_ZN2nn6applet3CTR6detail21CloseApplication_Func9CloseCoreEv,
0x00103080,U,000076,_ZN2nn6applet3CTR6detail6APPLET10InitializeEjjPNS_6HandleES5_,
0x001030D4,U,000084,_ZN2nn6applet3CTR6detail6APPLET13GetLockHandleEPNS_6HandleEjPjS6_,
0x00103130,U,000048,_ZN2nn6applet3CTR6detail6APPLET6EnableEj,
0x00103168,U,000084,_ZN4sead11ResourceMgr14createInstanceEPNS_4HeapE,
0x001031C4,U,000452,_ZN4sead11ResourceMgr20registerDecompressorEPNS_12DecompressorERKNS_14SafeStringBaseIcEE,
0x0010338C,U,000256,_ZN4sead13FileDeviceMgr14createInstanceEPNS_4HeapE,
0x0010349C,U,000664,_ZN4sead19PrimitiveDrawMgrNvnC2Ev,
0x00103738,U,000168,_ZN4sead9Framework10initializeERKNS0_13InitializeArgE,
0x001037FC,U,000060,_ZN8RootTaskC1ERKN4sead16TaskConstructArgE,
0x00103850,U,000016,_ZN2nn2os6Thread8TypeInfo4CopyIPFvvES5_EEvPKvPv,
0x00103860,U,000016,_ZN2nn2os6Thread8TypeInfo4CopyIiiEEvPKvPv,
0x00103870,U,000012,_ZN2nn2os6Thread8TypeInfo6InvokeIPFvvEEEvPFvjEPKv,
0x0010387C,U,000012,_ZN2nn2os6Thread8TypeInfo6InvokeIiEEvPFvjEPKv,
0x00103888,U,000004,_ZN2nn2os6Thread8TypeInfo7DestroyIPFvvEEEvPv,
0x0010388C,U,000004,_ZN2nn2os6Thread8TypeInfo7DestroyIiEEvPv,
0x00103890,U,000016,_ZN2nn2os3ARM17SpinWaitCpuCyclesEi,
0x001038A0,O,000036,_ZN2nn3svc12CreateThreadEPNS_6HandleEPFvjEjjii,
0x00103908,U,000104,_ZN2al13ArchiveHolderC2Ev,
0x00103978,U,000104,_ZN2al15SoundItemHolderC2Ev,
0x001039E8,U,000176,_ZN2al16FileLoaderThreadC2Ei,
0x00103ABC,U,000052,_ZN4sead20GameFrameworkCtrNw4c10deallocateEv,
0x00103B10,U,000052,_ZN4sead20GameFrameworkCtrNw4c8allocateEv,
0x00103E8C,U,000132,_ZN2nn2fs10InitializeEv,
0x00103F14,U,000432,_ZN2nn2fs24GetRomRequiredMemorySizeEjjb,
0x001040D4,U,000120,_ZN2nn2fs8MountRomEjjPvjb,
0x00104154,U,000004,_ZN2nn2os3CTR43_GLOBAL__N__19_os_CppException_cpp_0201818f23DefaultTerminateHandlerEvs,
0x00104158,U,000052,_ZN2nn3ndm22OverrideDefaultDaemonsEj,
0x00104194,U,000060,_ZN2nn3srv6detail7Service19ReceiveNotificationEPj,
0x001041E0,U,000012,_ZN2nn6applet3CTR17GetTransitionTypeEv,
0x001041F0,U,000012,_ZN2nn6applet3CTR17SetTransitionTypeENS1_14TransitionTypeE,
0x00104200,U,001004,_ZN2nn6applet3CTR26ReceiveCallbackForCommandsEj,
0x001045F8,U,000016,_ZN2nn6applet3CTR29SetReceivedWakeupByCancelFlagEv,
0x0010460C,U,000016,_ZN2nn6applet3CTR6detail11SetInactiveEv,
0x00104620,U,000072,_ZN2nn6applet3CTR6detail12NotifyToWaitEv,
0x00104670,U,000052,_ZN2nn6applet3CTR6detail14LockTransitionEjb,
0x001046A4,U,000032,_ZN2nn6applet3CTR6detail18RestoreVramSysAreaEv,
0x001046C8,U,000016,_ZN2nn6applet3CTR6detail18SetReceiveCallbackEPFbjEj,
0x001046DC,U,000012,_ZN2nn6applet3CTR6detail25PreloadLibraryApplet_Func10CancelCoreEv,
0x001046EC,U,000048,_ZN2nn6applet3CTR6detail6APPLET11SleepSystemEy,
0x00104724,U,000072,_ZN2nn6applet3CTR6detail6APPLET16CloseApplicationEPKhjNS_6HandleE,
0x00104774,U,000064,_ZN2nn6applet3CTR6detail6APPLET19InquireNotificationEjPNS1_12NotificationE,
0x001047BC,U,000052,_ZN2nn6applet3CTR6detail6APPLET25PrepareToCloseApplicationEb,
0x001047F8,U,000016,_ZN2nn6applet3CTR6detail9SetActiveEv,
0x0010480C,U,000032,_ZN4sead10HeapPolicyC2Ev,
0x0010488C,U,000276,_ZN4sead11ResourceMgrC2Ev,
0x001049C0,U,000092,_ZN4sead12GlobalRandom14createInstanceEPNS_4HeapE,
0x00104A24,U,000452,_ZN4sead13FileDeviceMgr5mountEPNS_10FileDeviceERKNS_14SafeStringBaseIcEE,
0x00104BEC,U,000444,_ZN4sead14MainFileDeviceC2EPNS_4HeapE,
0x00104DD0,U,000100,_ZN4sead23DefaultGfxMemoryMgrCtrC2Ev,
0x00104E38,U,000012,_ZN4sead7HeapMgr10initializeEm,
0x00104E48,U,000032,_ZN4sead7HeapMgr10initializeEPNS_5ArenaE,
0x00104E70,U,000016,_ZN4sead7HeapMgr22setAllocFailedCallbackEPNS_10IDelegate1IPKNS0_22AllocFailedCallbackArgEEE,
0x00104E80,U,000196,_ZN4sead8Graphics10initializeEPNS_4HeapE,
0x00104F48,U,000264,_ZN4sead8UlcdTaskC1ERKN4sead16TaskConstructArgE,
0x0010506C,U,000056,_ZN4sead9FrameworkC2Ev,
0x001050AC,U,000092,_ZN4sead9ThreadMgr14createInstanceEPNS_4HeapE,
0x00105110,U,000060,nngxEnableCmdlistCallback,
0x00105150,U,000020,nngxSetCmdlistCallback,
0x00105168,U,000060,nngxSetCmdlistParameteri,
0x001051A8,U,000068,nngxSetDisplayMode,
0x00105204,U,000032,_ZN2nn2os6detail27InitializeThreadEnvrionmentEv,
0x00105210,U,000032,_ZN2nn2os6Thread21CallDestructorAndExitEPv,
0x0010523C,U,000060,_ZN2nn2os3CTR43_GLOBAL__N__19_os_CppException_cpp_0201818f24DefaultUnexpectedHandlerEv,
0x00105274,U,000224,_ZN16alByamlLocalUtil11verifiByamlEPKh,
0x00105354,U,000092,_ZN2al12ArchiveEntryC2Ev,
0x001053F8,U,000052,_ZN2al14SoundItemEntryC2Ev,
0x00105420,U,000112,_ZN2al8ResourceC1ERKN4sead14SafeStringBaseIcEE,
0x00105494,U,000036,_ZN2nn2fs3CTR6MPCore6detail14UserFileSystem10InitializeENS_6HandleE,
0x001054BC,U,000420,_ZN2nn2fs3CTR6MPCore6detail7OpenRomEPPNS3_8IArchiveEjjPvjb,
0x00105670,U,000012,_ZN2nn2fs6detail28RegisterGlobalFileSystemBaseERNS1_14FileSystemBaseE,
0x00105680,U,000012,_ZN2nn2gr3CTR6Vertex9AttrConstC2Ev,
0x0010568C,U,000012,_ZN2nn2gr3CTR6Vertex9LoadArrayC2Ev,
0x00105698,U,000004,_ZN2nn2gr3CTR8Combiner5StageC2Ev,
0x0010569C,U,000068,_ZN2nn3cfg3CTR6detail9GetConfigEPvjj,
0x001056E8,U,000164,_ZN2nn3dsp3CTR5AwakeEv,
0x00105798,U,000084,_ZN2nn3srv6detail7Service16GetServiceHandleEPNS_6HandleEPKcij,
0x001057F4,U,000052,_ZN2nn5gxlow3CTR15AcquireGpuRightEv,
0x00105858,U,000036,_ZN2nn5gxlow3CTR18RestoreVramSysAreaEv,
0x00105868,U,000012,_ZN2nn6applet3CTR24IsToCallShutdownCallbackEv,
0x0010587C,U,000012,_ZN2nn6applet3CTR27IsToCallPowerButtonCallbackEv,
0x0010588C,U,000236,_ZN2nn6applet3CTR27ProcessSleepAcceptedCommandEv,
0x00105980,U,000016,_ZN2nn6applet3CTR28ClearPowerButtonCallbackFlagEv,
0x00105994,U,000016,_ZN2nn6applet3CTR6detail18ClearSleepSysStateEv,
0x001059A8,U,000016,_ZN2nn6applet3CTR6detail28ClearAbsoluteHomeButtonStateEv,
0x001059BC,U,000048,_ZN2nn6applet3CTR6detail6APPLET12NotifyToWaitEj,
0x001059F4,U,000052,_ZN2nn6applet3CTR6detail6APPLET19CancelLibraryAppletEb,
0x00105A30,U,000192,_ZN2nn6applet3CTR6detail6GlanceEPjS3_PhjPiPNS_6HandleE,
0x00105AF8,U,000068,_ZN2nn6applet3CTR6detail17AssignCameraRightEb,
0x00105B44,U,000444,_ZN14DualScreenTaskC1ERKN4sead16TaskConstructArgE,
0x00105D0C,U,000216,_ZN4sead15GraphicsContextC1Ev,
0x00105DF0,U,000036,_ZN4sead5Arena10initializeEm,
0x00105E18,U,000112,_ZN4sead6Random4initEv,
0x00105E8C,U,000044,_ZN4sead8GraphicsC2Ev,
0x00105EBC,U,000364,_ZN4sead9FrameHeap9tryCreateEmRKNS_14SafeStringBaseIcEEPNS_4HeapEiNS5_13HeapDirectionEb,
0x00106030,U,000280,_ZN4sead9ThreadMgr10initializeEPNS_4HeapE,
0x00106034,U,000280,_ZN4sead9ThreadMgr15initMainThread_EPNS_4HeapE,
0x00106160,U,000052,_ZN4sead9ThreadMgrC2Ev,
0x001061BC,U,000044,_ZNK2al10FileLoader14isExistArchiveERKN4sead14SafeStringBaseIcEEPNS1_10FileDeviceE,
0x001061E8,U,000076,_ZNK2nn3fnd8DateTime6GetDayEv,
0x00106244,U,000084,_ZNK2nn3fnd8DateTime7GetHourEv,
0x001062AC,U,000076,_ZNK2nn3fnd8DateTime7GetYearEv,
0x00106308,U,000076,_ZNK2nn3fnd8DateTime8GetMonthEv,
0x00106364,U,000092,_ZNK2nn3fnd8DateTime9GetMinuteEv,
0x001063D4,U,000092,_ZNK2nn3fnd8DateTime9GetSecondEv,
0x00106444,U,000152,_fb_initializeFBManager,
0x001064E4,U,001592,_shm_initializeShaderManager,
0x00106B74,U,001088,_sta_initializeState,
0x00106FB4,U,000420,_tx_initializeTexManager,
0x00107168,U,000100,_vb_initializeVBManager,
0x001071D8,U,000060,_vldtr_initializeStateValidator,
0x00107218,U,000060,sys_P3DCallback,
0x00107258,U,000064,sys_PDC0Callback,
0x0010729C,U,000064,sys_PDC1Callback,
0x001072E4,U,000004,sys_PPFCallback,
0x001072E8,U,000004,sys_PSC0Callback,
0x001072EC,U,000004,sys_PSC1Callback,
0x001073B8,U,000076,_ZN2nn2os6Thread11ThreadStartEj,
0x00107404,O,000024,_ZN2nn3svc17GetThreadPriorityEPiNS_6HandleE,
0x0010741C,U,000028,__ARM_exceptions_buffer_init,
0x00107438,U,000044,__ARM_exceptions_buffer_allocate,
0x00107464,U,000036,__ARM_exceptions_buffer_free,
0x00107488,U,000004,__default_terminate_handler,
0x0010748C,U,000108,__cxa_get_globals,
0x00107504,U,000092,_ZN2al17getLanguageStringEv,
0x0010756C,U,000048,_ZN2nn2fs3ipc10FileSystem10InitializeEv,
0x001075A0,U,000096,_ZN2nn2os10LockPolicy6ObjectINS0_15CriticalSectionEE10ScopedLockC2ERKNS4_10LockObjectE,
0x00107604,U,000096,_ZN2nn2os18ThreadLocalStorageC2Ev,
0x0010766C,U,000040,_ZN2nn2os6detail27ConvertSvcToLibraryPriorityEi,
0x0010769C,U,000152,_ZN2nn3dsp3CTR6WakeUpEv,
0x00107740,U,000056,_ZN2nn3err3CTR8FatalErr5ThrowERKNS1_12FatalErrInfoE,
0x00107778,U,000064,_ZN2nn3fnd8HeapBase12FillMemory32Ejjj,
0x001077B8,U,000600,_ZN2nn3ptm3CTR6detail18GetSwcMilliSecondsEv,
0x0010A31C,m,000144,_printf_str,gdef
0x0010A470,O,000024,_snputc,gdef
0x0010AED4,M,000648,__printf,gdef
0x0010C56C,O,000008,_ZN2nn3svc11CloseHandleENS_6HandleE,
0x0010C574,O,000028,_ZN2nn3svc17CreateMemoryBlockEPNS_6HandleEjjjj,
0x0010C590,O,000024,_ZN2nn3svc11CreateMutexEPNS_6HandleEb,
0x0010C5A8,O,000024,_ZN2nn3svc15DuplicateHandleEPNS_6HandleES1_,
0x0010C690,O,000068,strstr,gdef
0x001109AC,U,000084,LMS_GetTextByLabel,
0x00110A00,U,000028,LMS_GetTextNum,
0x00110B24,U,000164,LMS_InitMessage,
0x00110E50,U,000032,LMS_CloseMessage,
0x00110E70,U,000012,LMSi_Free,
0x001175A4,O,000088,_ZN10AppearStep11startAppearEv,
0x00117608,O,000072,_ZN10AppearStep14startDisappearEv,
0x0011765C,M,000168,_ZN10AppearStep4initERKN2al13ActorInitInfoE,
0x00117710,O,000040,_ZN10AppearStepC1ERKN4sead14SafeStringBaseIcEE,
0x0011A38C,O,000176,_ZN10Fugumannen10receiveMsgEjPN2al9HitSensorES2_,
0x0011A43C,O,000092,_ZN10Fugumannen12attackSensorEPN2al9HitSensorES2_,
0x0011A498,O,000284,_ZN10Fugumannen4initERKN2al13ActorInitInfoE,
0x0011A5B4,O,000064,_ZN10FugumannenC1ERKN4sead14SafeStringBaseIcEE,
0x0011AC34,O,000096,_ZN10GameSystemC1Ev,
0x001217E8,O,000104,_ZN10RailDotEnd4initERKN2al13ActorInitInfoE,
0x00121850,O,000040,_ZN10RailDotEndC1ERKN4sead14SafeStringBaseIcEE,
0x0012A6AC,O,000004,_ZN2al6Camera2v7Ev,
0x0012A6B0,O,000004,_ZN2al6Camera2v2Ev,
0x0012A6B4,O,000004,_ZN2al6Camera2v4Ev,
0x0012A6B8,O,000004,_ZN2al6Camera2v5Ev,
0x0012A6BC,O,000004,_ZN2al6Camera2v3Ev,
0x0012A6C0,O,000004,_ZN2al6Camera4calcEv,
0x0012A6C4,O,000004,_ZN2al6Camera2v1Ev,
0x0012B7E8,M,000144,_ZN11CoinRotaterC1Ev,
0x0012C354,O,000108,_ZN11GhostPlayer10receiveMsgEjPN2al9HitSensorES2_,
0x0012C3C8,O,000156,_ZN11GhostPlayer12attackSensorEPN2al9HitSensorES2_,
0x0012CA38,M,000432,_ZNK14NrvGhostPlayer18GhostPlayerNrvNrv57executeEPN2al11NerveKeeperE,
0x0012CBE8,M,000160,_ZN11GhostPlayerC1ERKN4sead14SafeStringBaseIcEE,
0x00136F64,O,000128,_ZN2al12FallMapParts10receiveMsgEjPNS_9HitSensorES2_,
0x00136FF0,M,000116,_ZN2al12FallMapParts4initERKNS_13ActorInitInfoE,
0x00137068,O,000076,_ZN2al12FallMapPartsC1ERKN4sead14SafeStringBaseIcEE,
0x0013E224,O,000012,_ZN2al5Scene4killEv,
0x0013E230,O,000004,_ZN2al5Scene7controlEv,
0x0013E2CC,M,000140,_ZN2al5Scene8movementEv,
0x0014377C,O,000012,_ZN13PlayerTrigger18clearSensorTriggerEv,
0x00143788,O,000012,_ZN13PlayerTrigger21clearCollisionTriggerEv,
0x00143794,O,000016,_ZN13PlayerTriggerC1Ev,
0x0014F554,U,000076,_ZN14PlayerAnimatorC2EPN2al9LiveActorEP17PlayerModelHolder,
0x0015512C,O,000116,_ZN14TrickHintPanel10receiveMsgEjPN2al9HitSensorES2_,
0x001551AC,O,000072,_ZN14TrickHintPanel4initERKN2al13ActorInitInfoE,
0x001551F4,O,000056,_ZN14TrickHintPanelC1ERKN4sead14SafeStringBaseIcEE,
0x00163B88,O,000100,_ZN15ProductSequenceC1EPKc,
0x001674A8,O,000004,_ZN15TransparentWall13makeActorDeadEv,
0x001674AC,O,000200,_ZN15TransparentWall4initERKN2al13ActorInitInfoE,
0x00167574,O,000040,_ZN15TransparentWallC1ERKN4sead14SafeStringBaseIcEE,
0x0016A11C,m,000396,_ZN10CourseList4initEPKN2al8ResourceE,
0x0016A2B4,O,000104,_ZN10CourseListC1Ev,
0x00171830,O,000112,_ZN16NoteObjGeneratorC1ERKN4sead14SafeStringBaseIcEE,
0x001781EC,M,000080,_ZN16alSensorFunction20findSensorTypeByNameEPKc,
0x0017A3DC,O,000244,_ZN2al17CameraParamVision4initEPKNS_9ByamlIterE,
0x0018153C,M,000028,_ZN17PlayerActionGraph4moveEv,
0x00183C9C,O,000012,_ZN17ProductStateTitle4initEv,
0x00183E4C,O,000236,_ZN17ProductStateTitleC1EP15ProductSequenceP22ProductStageStartParamRKN2al14LayoutInitInfoE,
0x0018670C,O,000140,_ZN2al18getStageSwitchNameENS_15StageSwitchTypeE,
0x00186CC8,O,000124,_ZN18AquariumSwimDebris4initERKN2al13ActorInitInfoE,
0x00186D44,O,000040,_ZN18AquariumSwimDebrisC1ERKN4sead14SafeStringBaseIcEE,
0x0018791C,O,000084,_ZN2al18CameraRotatorParam4initEPKNS_9ByamlIterE,
0x00187970,O,000016,_ZN2al18CameraRotatorParamC1Ev,
0x00189160,M,000020,_ZN2rp14getPlayerActorEv,
0x00189184,O,000020,_ZN2al16initLiveActorKitEPNS_12LiveActorKitE,
0x001891A8,M,000044,_ZN2al5Scene18initSceneObjHolderEv,
0x0018B504,O,000072,_ZN2al18SwitchAreaDirector8movementEv,
0x0018B54C,O,000096,_ZN2al18SwitchAreaDirectorC2Ev,
0x0018B9E4,O,000080,_ZN18alSubActorFunction11trySyncDeadEPN2al14SubActorKeeperE,
0x0018BA34,O,000080,_ZN18alSubActorFunction12trySyncAliveEPN2al14SubActorKeeperE,
0x0018BA84,O,000100,_ZN18alSubActorFunction11tryCalcAnimEPN2al14SubActorKeeperE,
0x0018BB4C,O,000120,_ZN18alSubActorFunction18trySyncClippingEndEPN2al14SubActorKeeperE,
0x0018BBC4,O,000120,_ZN18alSubActorFunction20trySyncClippingStartEPN2al14SubActorKeeperE,
0x0018D3A0,O,000092,_ZN19GhostPlayerRecorder6createEi,
0x0018D828,O,000052,_ZN19GhostPlayerRecorderC1Ev,
0x0019D7B0,O,000004,_ZN21PlayerActionCondition5setupEv,
0x001B64FC,O,000128,_ZN2al25CameraDashAngleTunerParam4initEPKNS_9ByamlIterE,
0x001B657C,O,000024,_ZN2al25CameraDashAngleTunerParamC1Ev,
0x001B8BD8,O,000072,_ZN26PlayerActionMultiCondition5setupEv,
0x001B9DCC,O,000232,_ZN28PlayerActionConditionAnimEnd5checkEv,
0x001BB7AC,O,000092,_ZN2al10BreakModel4initERKNS_13ActorInitInfoE,
0x001BB810,O,000076,_ZN2al10BreakModel6appearEv,
0x001BE024,O,000004,_ZN2al11LayoutActor7controlEv,
0x001BEE30,O,000052,_ZN15alNerveFunction14setNerveActionEPN2al9IUseNerveEPKc,
0x001BEE64,O,000068,_ZN2al11NerveKeeper8setNerveEPKNS_5NerveE,
0x001C0CD4,O,000136,_ZN2al12LiveActorKitC1Ei,
0x001C0E78,O,000084,_ZN2al12MemorySystem18createSequenceHeapEv,
0x001C0ECC,O,000016,_ZN2al12MemorySystem19freeAllSequenceHeapEv,
0x001C2D40,O,000044,_ZN2al12calcHashCodeEPKc,
0x001C2EF8,m,000020,_ZN2al12isSensorRideEPKNS_9HitSensorE,
0x001C50EC,O,000028,_ZN2al13AreaShapeCubeC2Eb,
0x001C5B08,M,000200,_ZN2al13KeyPoseKeeper4initERKNS_13ActorInitInfoE,
0x001C5D10,O,000036,_ZN2al13KeyPoseKeeperC1Ev,
0x001C70FC,O,000048,_ZN2al13LiveActorFlagC1Ev,
0x001CAB14,O,000024,_ZN2al14LiveActorGroup13registerActorEPNS_9LiveActorE,
0x001CAB2C,O,000064,_ZN2al14LiveActorGroup16makeActorDeadAllEv,
0x001CABD8,O,000100,_ZN2al14NerveStateCtrl10startStateEPKNS_5NerveE,
0x001CAC3C,O,000060,_ZN2al14NerveStateCtrl18tryEndCurrentStateEv,
0x001CAC78,O,000028,_ZN2al16updateNerveStateEPNS_9IUseNerveE,
0x001CAC94,O,000032,_ZN2al14NerveStateCtrl18updateCurrentStateEv,
0x001CAD2C,O,000104,_ZN2al14NerveStateCtrlC1Ei,
0x001CB48C,O,000032,_ZN2al11setSceneObjEPNS_9ISceneObjEi,
0x001CB4AC,O,000012,_ZN2al14SceneObjHolder6setObjEPNS_9ISceneObjEi,
0x001CB4B8,O,000080,_ZN2al14SceneObjHolder26initAfterPlacementSceneObjERKNS_13ActorInitInfoE,
0x001CB508,O,000072,_ZN2al14SceneObjHolder6createEi,
0x001CB550,U,000132,_ZN2al14SceneObjHolderC1EPFPviEi,
0x001CBEE4,m,000036,_ZN2al14isSensorSimpleEPKNS_9HitSensorE,
0x001CBF3C,O,000048,_ZN2al14tryGetRailIterEPNS_9ByamlIterERKS0_,
0x001CC79C,O,000036,_ZN2al20registerExecutorUserEPNS_12IUseExecutorEPKc,
0x001CC7C0,O,000080,_ZN2al15ExecuteDirector12registerUserEPNS_12IUseExecutorEPKc,
0x001CC93C,O,000036,_ZN2al23registerExecutorFunctorERKNS_11FunctorBaseEPKc,
0x001CC960,O,000080,_ZN2al15ExecuteDirector15registerFunctorERKNS_11FunctorBaseEPKc,
0x001CC9B0,O,000036,_ZN2al27registerExecutorFunctorDrawERKNS_11FunctorBaseEPKc,
0x001CC9D4,O,000072,_ZN2al15ExecuteDirector19registerFunctorDrawERKNS_11FunctorBaseEPKc,
0x001CCA1C,O,000064,_ZN2al15ExecuteDirector23createExecutorListTableEv,
0x001CCA5C,O,000056,_ZN2al9LayoutKit21createExecuteDirectorEi,
0x001CCA94,O,000684,_ZN2al15ExecuteDirector4initEv,
0x001CCD40,O,000032,_ZN2al15ExecuteDirectorC1Ei,
0x001CCDB0,O,000056,_ZN2al15HitSensorKeeper10invalidateEv,
0x001CCDE8,O,000136,_ZN2al15HitSensorKeeper12attackSensorEv,
0x001CCEAC,O,000056,_ZN2al15HitSensorKeeper8validateEv,
0x001CD394,O,000152,_ZN2al15NerveActionCtrlC1EPN15alNerveFunction20NerveActionCollectorE,
0x001CD698,O,000020,_ZN2al15getSequenceHeapEv,
0x001D0970,O,000096,_ZN2al16KCollisionServer20initKCollisionServerEPvPKv,
0x001D09D0,O,000056,_ZN2al16KCollisionServerC1Ev,
0x001D13EC,M,000148,_ZN2al16RailMoveMovementC1EPNS_9LiveActorERKNS_13ActorInitInfoEPKcS7_,
0x001D1F90,O,000364,_ZN2al17HitSensorDirectorC1Ev,
0x001D2D10,O,000028,_ZN2al9sendMsg55EPNS_9HitSensorES1_,
0x001D7924,M,000080,_ZN2al17StageSwitchKeeperC1Ev,
0x001D7A88,O,000008,_ZN2al17isPadTriggerTouchEi,
0x001DB294,M,000016,_ZN2al18getCurrentKeyTransEPKNS_13KeyPoseKeeperE,
0x001DB620,O,000008,_ZN2al18isPadTriggerSelectEi,
0x001DB6D4,O,000008,_ZN2al19ActorPoseKeeperBase10getQuatPtrEv,
0x001DB6DC,O,000008,_ZN2al19ActorPoseKeeperBase11getFrontPtrEv,
0x001DB6E4,O,000008,_ZN2al19ActorPoseKeeperBase12getRotatePtrEv,
0x001DB734,O,000008,_ZN2al19ActorPoseKeeperTFSV11getFrontPtrEv,
0x001DB73C,O,000008,_ZN2al19ActorPoseKeeperTFSV11getScalePtrEv,
0x001DB778,O,000008,_ZN2al19ActorPoseKeeperTFSV14getVelocityPtrEv,
0x001DB7C8,O,000088,_ZN2al19ActorPoseKeeperTFSVC1Ev,
0x001DB820,O,000008,_ZN2al19ActorPoseKeeperTQSV10getQuatPtrEv,
0x001DB828,O,000008,_ZN2al19ActorPoseKeeperTQSV11getScalePtrEv,
0x001DB860,O,000008,_ZN2al19ActorPoseKeeperTQSV14getVelocityPtrEv,
0x001DB8B4,O,000092,_ZN2al19ActorPoseKeeperTQSVC1Ev,
0x001DB910,O,000008,_ZN2al19ActorPoseKeeperTRSV11getScalePtrEv,
0x001DB918,O,000008,_ZN2al19ActorPoseKeeperTRSV12getRotatePtrEv,
0x001DBA20,O,000008,_ZN2al19ActorPoseKeeperTRSV14getVelocityPtrEv,
0x001DCBA8,M,000060,_ZN2al5Scene24initAndLoadStageResourceEPKciPN4sead4HeapE,
0x001DCD20,O,000012,_ZN2al19StageResourceKeeperC1Ev,
0x001DCD2C,m,000076,_ZN2al19StageSwitchAccesser21initWithPlacementInfoENS_15StageSwitchTypeERKNS_9ByamlIterES1_,
0x001DCD78,O,000016,_ZN2al19StageSwitchAccesserC1Ev,
0x001DD494,O,000148,_ZN2al19tryCreateRailKeeperERKNS_9ByamlIterE,
0x001DD8C0,O,000056,_ZN2al20ActorPoseKeeperTFGSVC1Ev,
0x001E13A0,O,000016,_ZN2al7isMsg49Ej,
0x001E13B0,O,000016,_ZN2al7isMsg52Ej,
0x001E13C0,O,000016,_ZN2al7isMsg51Ej,
0x001E2130,O,000088,_ZN2al22ExecuteTableHolderDrawC1Ev,
0x001E28F4,O,000028,_ZN2al22sendMsgKickStoneAttackEPNS_9HitSensorES1_,
0x001E2DA0,O,000004,_ZN2al14NerveStateBase4initEv,
0x001E2DA4,O,000012,_ZN2al14NerveStateBase4killEv,
0x001E2DB0,O,000012,_ZN2al14NerveStateBase6appearEv,
0x001E2DBC,O,000052,_ZN2al14NerveStateBase6updateEv,
0x001E2DF0,O,000004,_ZN2al14NerveStateBase7controlEv,
0x001E3490,O,000028,_ZN2al9sendMsg49EPNS_9HitSensorES1_,
0x001E34AC,O,000028,_ZN2al23sendMsgKickKouraReflectEPNS_9HitSensorES1_,
0x001E34C8,O,000028,_ZN2al23sendMsgPlayerTailAttackEPNS_9HitSensorES1_,
0x001E34E4,O,000028,_ZN2al9sendMsg52EPNS_9HitSensorES1_,
0x001E3500,O,000028,_ZN2al9sendMsg51EPNS_9HitSensorES1_,
0x001E3B64,O,000076,_ZN2al24ExecuteTableHolderUpdateC1Ev,
0x001E4A60,O,000016,_ZN2al7isMsg14Ej,
0x001E576C,O,000028,_ZN2al26isCreatedSceneResourceHeapEv,
0x001E6690,O,000028,_ZN2al28sendMsgPlayerBoomerangAttackEPNS_9HitSensorES1_,
0x001E723C,O,000028,_ZN2al9sendMsg34EPNS_9HitSensorES1_,
0x001E7258,O,000028,_ZN2al29sendMsgPlayerBoomerangReflectEPNS_9HitSensorES1_,
0x001E9834,O,000028,_ZN2al4RailC1Ev,
0x001EA4A8,O,000032,_ZN2al7AreaObj21initStageSwitchKeeperEv,
0x001EA7B0,O,000060,_ZN2al7KeyPose4initERKNS_9ByamlIterE,
0x001EA7EC,O,000084,_ZN2al7KeyPoseC1Ev,
0x001EB78C,O,000020,_ZN8JMapInfo6attachEPKv,
0x001EB7A0,O,000028,_ZN8JMapInfoC1Ev,
0x001EB930,O,000028,_ZN2al9AreaShape8setScaleERKN4sead7Vector3IfEE,
0x001EB960,O,000068,_ZN2al9HitSensor10invalidateEv,
0x001EB9FC,O,000076,_ZN2al9HitSensor16validateBySystemEv,
0x001EBA48,O,000068,_ZN2al9HitSensor18invalidateBySystemEv,
0x001EBB24,O,000076,_ZN2al9HitSensor8validateEv,
0x001EBC50,O,000004,_ZN2al9ISceneObj12initSceneObjEv,
0x001EBC58,O,000008,_ZN2al9LiveActor10receiveMsgEjPNS_9HitSensorES2_,
0x001EBC60,O,000004,_ZN2al9LiveActor12attackSensorEPNS_9HitSensorES2_,
0x001EBCEC,U,000168,_ZN2al9LiveActor14updateColliderEv,
0x001EBD94,O,000064,_ZN2al9initNerveEPNS_9LiveActorEPKNS_5NerveEi,
0x001EBDD4,O,000008,_ZN2al9LiveActor15initNerveKeeperEPNS_11NerveKeeperE,
0x001EBE64,O,000004,_ZN2al9LiveActor18initAfterPlacementEv,
0x001EBF28,O,000004,_ZN2al9LiveActor4initERKNS_13ActorInitInfoE,
0x001EBF2C,O,000004,_ZN2al9LiveActor7controlEv,
0x001EC0F4,O,000052,_ZN2al9RailRider15moveToRailStartEv,
0x001EC128,M,000116,_ZN2al9RailRiderC1EPNS_4RailE,
0x00211BD8,m,000072,_ZN2al11NerveActionC2Ev,
0x00211C28,O,000028,_ZN15alNerveFunction20NerveActionCollectorC1Ev,
0x0021777C,O,000028,_ZN2al21sendMsgKickKouraBreakEPNS_9HitSensorES1_,
0x00218A48,O,000028,_ZN2al19sendMsgGororiAttackEPNS_9HitSensorES1_,
0x00218A64,O,000028,_ZN2al22sendMsgGororiBigAttackEPNS_9HitSensorES1_,
0x002229DC,U,000012,LMS_SetMemFuncs,
0x00225C3C,O,000008,_ZN2al13isPadTriggerYEi,
0x00225C44,O,000008,_ZN2al13isPadTriggerXEi,
0x00242A44,O,000060,_ZN2al9RailRider17moveToNearestRailERKN4sead7Vector3IfEE,
0x00244CC4,O,000040,_ZN2al18initActorPoseTFGSVEPNS_9LiveActorE,
0x00244CEC,O,000008,_ZN2al9LiveActor14initPoseKeeperEPNS_19ActorPoseKeeperBaseE,
0x00249618,O,000020,_ZNK2al13KeyPoseKeeper17getCurrentKeyPoseEv,
0x0024AE08,O,000056,_ZN2al15HitSensorKeeper18invalidateBySystemEv,
0x0024B0E8,O,000068,_ZNK2al13KeyPoseKeeper14getNextKeyPoseEv,
0x0024B900,O,000056,_ZN2al15HitSensorKeeper16validateBySystemEv,
0x0024B938,O,000024,_ZN21alActorSystemFunction21addToExecutorMovementEPN2al9LiveActorE,
0x0024C85C,O,000036,_ZNK2al9ByamlIter11isTypeArrayEv,
0x0024CA4C,O,000084,_ZN2al12isPadTriggerEii,
0x0024E028,O,000044,_ZN2al9AreaShapeC2Ev,
0x0024E424,O,000088,_ZN2al21removeExtensionStringEPcjPKc,
0x0024E638,O,000048,_ZN19alPlacementFunction17getClippingViewIdERKN2al9ByamlIterE,
0x0024E734,O,000016,_ZNK2al19StageSwitchAccesser12FUN_0024e734Ev,
0x0024ED2C,O,000080,_ZN2al19ActorPoseKeeperTRSVC1Ev,
0x0024EDEC,O,000008,_ZN2al12getHitSensorEPKNS_9LiveActorEPKc,
0x0024EDF4,O,000112,_ZNK2al15HitSensorKeeper9getSensorEPKc,
0x0024F344,M,000320,_ZN2al12MemorySystem23createSceneResourceHeapEPKc,
0x0024FE70,O,000040,_ZNK2al9ByamlIter15isTypeContainerEv,
0x0024FEC8,O,000036,strrchr,gdef
0x002504A8,O,000076,_ZN2al21createStringIfInStackEPKc,
0x00250610,O,000076,_ZN2al11NerveKeeperC1EPNS_9IUseNerveEPKNS_5NerveEi,
0x0025065C,m,000160,_ZN2al11NerveKeeper6updateEv,
0x00250EB4,O,000024,_ZNK2al19StageSwitchAccesser16isTypeKillDeadOnEv,
0x00250ECC,O,000012,_ZN2al17StageSwitchKeeper22getStageSwitchAccesserEi,
0x00251C70,O,000020,_ZN2al19getCourseSelectHeapEv,
0x00251EA0,O,000024,_ZN28PlayerActionConditionAnimEndC1EP18IUsePlayerAnimatorPKci,
0x00252008,O,000076,_ZN26PlayerActionMultiCondition6appendEP21PlayerActionCondition,
0x00252054,O,000040,_ZN26PlayerActionMultiConditionC1Ev,
0x00253C5C,O,000076,_ZN2al15tryGetStringArgEPPKcRKNS_9ByamlIterES1_,
0x00255668,m,000016,_ZN2al23getNextKeyPlacementInfoEPKNS_13KeyPoseKeeperE,
0x00256BB0,O,000016,_ZN2al22startHitReactionAppearEPKNS_9LiveActorE,
0x00257FE4,O,000020,_ZN2al20getSceneResourceHeapEv,
0x00257FF8,O,000044,_ZN2al24makeStageDataArchivePathEPN4sead22BufferedSafeStringBaseIcEEPKciS5_,
0x002583BC,O,000008,_ZN2al13isPadTriggerAEi,
0x00258734,O,000008,_ZN16alSensorFunction19updateHitSensorsAllEPN2al9LiveActorE,
0x0025873C,O,000056,_ZN2al15HitSensorKeeper6updateEv,
0x002589B0,M,000060,_ZN2al28updateNerveStateAndNextNerveEPNS_9IUseNerveEPKNS_5NerveE,
0x00259328,O,000064,_ZN2al14LiveActorGroup7killAllEv,
0x00259368,M,000160,_ZN16WalkerStateChaseC1EPN2al9LiveActorEPN4sead7Vector3IfEEPK16WalkerStateParamPK21WalkerStateChaseParamb,
0x0025AA18,O,000028,_ZN2al3Sky8calcAnimEv,
0x0025AA34,O,000112,_ZN2al9LiveActor8calcAnimEv,
0x0025BD18,m,000016,_ZN10CourseList6Course17isCourseTypeStageENS0_10CourseTypeE,
0x0025E534,O,000028,_ZN2al27sendMsgPlayerBoomerangBreakEPNS_9HitSensorES1_,
0x0025ECE0,O,000008,_ZN2al25isPadTriggerLeftStickDownEi,
0x0025ECE8,O,000008,_ZN2al23isPadTriggerLeftStickUpEi,
0x00260A84,O,000148,_ZN2al6Camera4loadEPKNS_9ByamlIterE,
0x00261008,M,000228,_ZN2al6CameraC1EPKc,
0x002620B4,O,000016,_ZN2al21isMsgKickKouraReflectEj,
0x00262BA4,O,000036,_ZN2al16isCollidedGroundEPKNS_9LiveActorE,
0x00262DE4,O,000028,_ZN2al27sendMsgPlayerFireBallAttackEPNS_9HitSensorES1_,
0x00263848,O,000008,_ZN2al17isPadTriggerRightEi,
0x00263850,O,000008,_ZN2al26isPadTriggerLeftStickRightEi,
0x00263858,O,000008,_ZN2al16isPadTriggerLeftEi,
0x00263860,O,000008,_ZN2al25isPadTriggerLeftStickLeftEi,
0x002638B0,O,000008,_ZN2al13isPadTriggerBEi,
0x00264150,O,000020,_ZN2al7isAliveEPKNS_9LiveActorE,
0x002645AC,O,000024,_ZN2rp13getCourseListEv,
0x00265178,M,000092,_ZN2al15tryGetStringArgEPPKcRKNS_13ActorInitInfoES1_,
0x00266248,O,000020,_ZN2al8copyPoseEPNS_9LiveActorEPKS0_,
0x00266BAC,O,000096,_ZN2al10WipeSimpleC1EPKcS2_RKNS_14LayoutInitInfoES2_,
0x00266F34,O,000040,_ZN2al17initActorPoseTRSVEPNS_9LiveActorE,
0x00266FF8,U,000088,_ZN4sead12PtrArrayImpl5eraseEii,
0x00267050,O,000052,_ZN2al12isObjectNameERKNS_9ByamlIterEPKc,
0x00267088,O,000076,_ZN2al19getLinksInfoByIndexEPNS_9ByamlIterERKNS_13ActorInitInfoEi,
0x00267234,O,000016,_ZN2al17getSceneObjHolderEv,
0x00267254,M,000160,_ZN2al11tryGetTransEPN4sead7Vector3IfEERKNS_13ActorInitInfoE,
0x00267354,O,000016,_ZN2al25startHitReactionDisappearEPKNS_9LiveActorE,
0x00267394,O,000016,_ZN2al19startHitReactionHitEPKNS_9LiveActorE,
0x002677F4,M,000052,_ZN2al12calcJointPosEPN4sead7Vector3IfEEPKNS_9LiveActorEPKc,
0x002684E0,O,000028,_ZN2al14NerveStateBaseC1EPKc,
0x00268804,O,000080,_ZN2al22tryStartMclAnimIfExistEPNS_9LiveActorEPKc,
0x0026902C,M,000192,_ZN2al12ActorFactoryC1Ev,
0x0026935C,m,000016,_ZN2al15getNextKeyTransEPKNS_13KeyPoseKeeperE,
0x00269790,O,000064,_ZN2al7lerpVecEPN4sead7Vector3IfEERKS2_S5_f,
0x0026ACA0,O,000040,_ZN2al13ActorInitInfo14initViewIdHostEPKNS_9ByamlIterERKS0_,
0x0026C70C,O,000028,_ZN2rp14getCoinRotateYEv,
0x0026D0E4,O,000192,_ZN19alLiveActorFunction14calcAnimDirectEPN2al9LiveActorE,
0x0026D610,O,000016,_ZN2al21startHitReactionStartEPKNS_9LiveActorE,
0x0026D668,O,000048,_ZN2al16validateClippingEPNS_9LiveActorE,
0x0026D698,m,000040,_ZN2al10isNearZeroEff,
0x0026DF44,U,000504,_ZN2al9LiveActor8movementEv,
0x0026E734,O,000016,_ZN2al9getRotateEPKNS_9LiveActorE,
0x0026E744,O,000016,_ZN2al12getRotatePtrEPNS_9LiveActorE,
0x0026E778,O,000052,_ZN2al8setScaleEPNS_9LiveActorERKN4sead7Vector3IfEE,
0x0026E7AC,O,000020,_ZN13PlayerTrigger3setENS_17ECollisionTriggerE,
0x0026E7C0,M,000088,__2snprintf,gdef
0x0026E964,O,000028,_ZN2al17sendMsgPlayerKickEPNS_9HitSensorES1_,
0x0026E9B8,O,000028,_ZN2al8sendMsg9EPNS_9HitSensorES1_,
0x0026EA40,O,000020,_ZNK13PlayerTrigger4isOnENS_17ECollisionTriggerE,
0x0026EA60,O,000020,_ZNK13PlayerTrigger4isOnENS_14ESensorTriggerE,
0x0026EA90,O,000028,_ZN2al29sendMsgPlayerInvincibleAttackEPNS_9HitSensorES1_,
0x0026EBE8,O,000020,_ZN13PlayerTrigger3setENS_14ESensorTriggerE,
0x0026EC24,O,000028,_ZN2al9sendMsg58EPNS_9HitSensorES1_,
0x0027011C,O,000016,_ZN2al13updatePoseMtxEPNS_9LiveActorEPKN4sead8Matrix34IfEE,
0x00270368,O,000008,_ZN2al16isPadTriggerDownEi,
0x00270370,O,000008,_ZN2al14isPadTriggerUpEi,
0x0027044C,O,000020,_ZN2al16isEqualSubStringEPKcS1_,
0x00270628,m,000020,_ZN2al14isSensorMapObjEPKNS_9HitSensorE,
0x00270B74,O,000040,_ZN2al17initActorPoseTFSVEPNS_9LiveActorE,
0x00270E44,M,000036,_ZN2al9setRotateEPNS_9LiveActorERKN4sead7Vector3IfEE,
0x00270F94,O,000020,_ZN2al11isExistRailEPKNS_9LiveActorE,
0x002711E0,O,000048,_ZN2al17CameraParamVisionC1Ev,
0x00272634,O,000032,_ZN2al11getBaseNameEPKc,
0x00272DA0,O,000016,_ZN2al20isMsgGororiBigAttackEj,
0x00272DB0,O,000016,_ZN2al17isMsgGororiAttackEj,
0x00272DC0,O,000016,_ZN2al14getVelocityPtrEPNS_9LiveActorE,
0x00272DD8,O,000016,_ZN2al11getVelocityEPKNS_9LiveActorE,
0x00273318,O,000016,_ZN2al21isMsgPlayerFloorTouchEj,
0x00274318,O,000036,_ZN2al7setQuatEPNS_9LiveActorERKN4sead4QuatIfEE,
0x00274498,O,000072,_ZN2al5SceneC2EPKc,
0x0027497C,O,000020,_ZN2al5Scene6appearEv,
0x00274990,M,000236,_ZN2al12LiveActorKit7endInitEv,
0x00274A7C,O,000020,_ZN2al5Scene7endInitERKNS_13ActorInitInfoE,
0x00274EE4,O,000012,_ZNK2al19StageResourceKeeper16getResourceSoundEv,
0x00274EF0,M,000332,_ZN2al16initPlacementMapEPNS_5SceneEPKNS_8ResourceERKNS_13ActorInitInfoEPKc,
0x00275048,O,000012,_ZNK2al19StageResourceKeeper14getResourceMapEv,
0x00275514,O,000012,_ZNK2al19StageResourceKeeper17getResourceDesignEv,
0x00276588,O,000008,_ZN2rp17createCoinRotaterEv,
0x00276590,O,000024,_ZN2al14createSceneObjEi,
0x00276810,O,000032,_ZN2al5Scene16initActorFactoryEv,
0x00276884,O,000040,_ZN19PlayerActorInitInfoC1Ev,
0x00276A98,O,000008,_ZN2al8isPlacedERKNS_13ActorInitInfoE,
0x00276AA0,O,000016,_ZNK2al9ByamlIter7isValidEv,
0x00276B54,O,000144,_ZN2al11tryGetTransEPN4sead7Vector3IfEERKNS_9ByamlIterE,
0x00276BF0,O,000020,_ZN2al16tryGetObjectNameEPPKcRKNS_9ByamlIterE,
0x00276C08,m,000052,_ZN2al17initActorInitInfoEPNS_13ActorInitInfoEPKNS_9ByamlIterERKS0_,
0x00276C3C,O,000036,_ZN2al13ActorInitInfoC1Ev,
0x00276C60,O,000132,_ZN2al19tryGetPlacementInfoEPNS_9ByamlIterEPKNS_8ResourceEPKc,
0x00277250,O,000016,_ZN2al15getLiveActorKitEv,
0x002775C0,O,000024,_ZN2al11getSceneObjEi,
0x00277C88,O,000016,_ZN2al19isMsgKickKouraBreakEj,
0x00277D2C,O,000016,_ZN2al20isMsgKickStoneAttackEj,
0x00277D64,O,000016,_ZN2al15isMsgPlayerKickEj,
0x00277D94,O,000012,_ZN2al32initCreateActorWithPlacementInfoEPNS_9LiveActorERKNS_13ActorInitInfoE,
0x00277DA0,M,000060,_ZN2al14LiveActorGroupC1EPKci,
0x0027845C,O,000016,_ZN2al19startHitReactionEndEPKNS_9LiveActorE,
0x0027846C,M,000016,_ZN2al23startHitReactionBlowHitEPKNS_9LiveActorE,
0x00278660,O,000064,_ZN2al12calcFrontDirEPN4sead7Vector3IfEEPKNS_9LiveActorE,
0x00278720,O,000016,_ZN2al25isMsgPlayerBoomerangBreakEj,
0x00278C30,O,000060,_ZNK2al9ByamlIter16tryGetFloatByKeyEPfPKc,
0x002795C0,U,000256,_ZN2al9LiveActor12startClippedEv,
0x002797F4,U,000312,_ZN2al9LiveActor10endClippedEv,
0x002799EC,O,000040,_ZN2al13isGreaterStepEPKNS_9IUseNerveEi,
0x00279BB4,O,000020,_ZN2al16tryGetObjectNameEPPKcRKNS_13ActorInitInfoE,
0x00279D14,O,000040,_ZN2al6isStepEPNS_9IUseNerveEi,
0x00279E3C,O,000016,_ZN2al21startHitReactionDeathEPKNS_9LiveActorE,
0x00279E4C,O,000016,_ZN2al24startHitReactionOnGroundEPKNS_9LiveActorE,
0x0027A000,O,000052,_ZN2al15setVelocityZeroEPNS_9LiveActorE,
0x0027A15C,m,000068,_ZN2al14onDrawClippingEPNS_9LiveActorE,
0x0027A1D8,M,000036,_ZN2al11setVelocityEPNS_9LiveActorERKN4sead7Vector3IfEE,
0x0027A4D8,m,000020,_ZN2al19isSensorEnemyAttackEPKNS_9HitSensorE,
0x0027A508,m,000048,_ZN2al13isSensorEnemyEPKNS_9HitSensorE,
0x0027A5CC,O,000016,_ZN2rp12getPlayerPosEv,
0x0027A6C4,O,000016,_ZN2al26isMsgPlayerBoomerangAttackEj,
0x0027A81C,O,000032,_ZN4sead12PtrArrayImpl9setBufferEiPv,
0x0027AAEC,O,000112,_ZN2al23getLinksActorObjectNameERKNS_13ActorInitInfoEi,
0x0027AB64,O,000076,_ZN2al16calcLinkChildNumERKNS_13ActorInitInfoE,
0x0027AE84,M,000084,_ZN2al9hideModelEPNS_9LiveActorE,
0x0027AF08,O,000032,_ZN2al9onCollideEPNS_9LiveActorE,
0x0027B054,O,000020,_ZN2al15getSensorRadiusEPKNS_9LiveActorEPKc,
0x0027B100,m,000024,_ZN2al14isSensorPlayerEPKNS_9HitSensorE,
0x0027B194,O,000016,_ZN2al13NerveExecutorC1EPKc,
0x0027B278,O,000020,_ZN2al13NerveExecutor11updateNerveEv,
0x0027B330,O,000032,_ZN2al9LayoutKitC1EPNS_10FontHolderE,
0x0027B364,O,000056,_ZN2al13NerveExecutor9initNerveEPKNS_5NerveEi,
0x0027B510,O,000012,_ZN2al10offCollideEPNS_9LiveActorE,
0x0027B60C,m,000044,_ZN2al18setSyncRailToStartEPNS_9LiveActorE,
0x0027B638,O,000024,_ZN2al9LiveActor14initRailKeeperERKNS_13ActorInitInfoE,
0x0027B650,O,000060,_ZN2al11isExistRailERKNS_13ActorInitInfoE,
0x0027B690,m,000116,_ZN2al9initActorEPNS_9LiveActorERKNS_13ActorInitInfoE,
0x0027B758,O,000016,_ZN2al6isMsg9Ej,
0x0027C140,O,000016,_ZN2al10getRailDirEPKNS_9LiveActorE,
0x0027C150,O,000016,_ZN2al10isLoopRailEPKNS_9LiveActorE,
0x0027CB64,O,000028,_ZN2nn4math5ARMv610VEC3SubAsmEPNS0_4VEC3EPKS2_S5_,
0x0027CC64,O,000024,_ZN2nn4math5ARMv610VEC3MulAsmEPNS0_4VEC3EPKS2_f,
0x0027D0A0,O,000064,_ZN2al9calcUpDirEPN4sead7Vector3IfEEPKNS_9LiveActorE,
0x0027D0E0,O,000064,_ZN2al11calcSideDirEPN4sead7Vector3IfEEPKNS_9LiveActorE,
0x0027D250,U,000260,_ZN2al9LiveActor13makeActorDeadEv,
0x0027D56C,O,000028,_ZN2al18sendMsgEnemyAttackEPNS_9HitSensorES1_,
0x0027D588,O,000016,_ZN2al10getGravityEPKNS_9LiveActorE,
0x0027D660,O,000020,_ZN2al25startHitReactionPressDownEPKNS_9LiveActorE,
0x0027DB98,O,000016,_ZN2al25isMsgPlayerFireBallAttackEj,
0x0027DBA8,O,000016,_ZN2al21isMsgPlayerTailAttackEj,
0x0027DBB8,O,000016,_ZN2al27isMsgPlayerBoomerangReflectEj,
0x0027DC18,O,000016,_ZN2al22isMsgPlayerStatueTouchEj,
0x0027DC38,O,000008,_ZN2al12isSensorNameEPNS_9HitSensorEPKc,
0x0027DC40,O,000016,_ZN2al27isMsgPlayerInvincibleAttackEj,
0x0027DC50,O,000016,_ZN2al26isMsgPlayerInvincibleTouchEj,
0x0027DCC4,M,000020,_ZN14PlayerProperty8setUpVecERKN4sead7Vector3IfEE,
0x0027DCE0,M,000020,_ZN14PlayerProperty11setFrontVecERKN4sead7Vector3IfEE,
0x0027DEF0,O,000012,_ZN11PlayerActor11getPropertyEv,
0x0027E01C,m,000068,_ZN2al7AreaObjC1EPKc,
0x0027E068,O,000060,_ZNK2al9ByamlIter14tryGetIntByKeyEPiPKc,
0x0027E0A4,U,000484,_ZN2al7AreaObj4initERKNS_12AreaInitInfoE,
0x0027E610,O,000056,_ZN2al11LayoutActor9initNerveEPKNS_5NerveEi,
0x0027E648,O,000068,_ZN2al11LayoutActorC1EPKc,
0x0027E828,O,000004,_ZN2al10WipeSimple6appearEv,
0x0027E82C,O,000020,_ZN2al11LayoutActor6appearEv,
0x0027E85C,O,000064,_ZN2al11LayoutActor4killEv,
0x0027E9DC,O,000016,_ZN2al8getScaleEPKNS_9LiveActorE,
0x0027EA40,U,000364,_ZN2al9LiveActor17makeActorAppearedEv,
0x0027EBF0,O,000012,_ZN2al9LiveActor4killEv,
0x0027EC94,O,000016,_ZN2al21startHitReactionBreakEPKNS_9LiveActorE,
0x0027EE24,O,000016,_ZN2al7getQuatEPKNS_9LiveActorE,
0x0027EE64,O,000076,_ZN2al30initCreateActorNoPlacementInfoEPNS_9LiveActorERKNS_13ActorInitInfoE,
0x0027EF70,O,000060,_ZN2al12isObjectNameERKNS_13ActorInitInfoEPKc,
0x0027F0BC,O,000084,_ZN2al10BreakModelC1EPNS_9LiveActorEPKcS4_PKN4sead8Matrix34IfEES4_,
0x0027F1B8,O,000016,_ZN2al24isMsgPlayerRollingAttackEj,
0x0027F330,O,000016,_ZN2al15isMsgUpperPunchEj,
0x0027F340,O,000040,_ZN2al18isGreaterEqualStepEPKNS_9IUseNerveEi,
0x0027F394,O,000032,_ZN2al8setTransEPNS_9LiveActorERKN4sead7Vector3IfEE,
0x0027F3B4,O,000016,_ZN2al10getQuatPtrEPNS_9LiveActorE,
0x0027F3C4,O,000012,_ZN2al11getTransPtrEPNS_9LiveActorE,
0x0027F514,O,000036,_ZN2al11isFirstStepEPKNS_9IUseNerveE,
0x0027FB44,M,000156,_ZN2al15initNerveActionEPNS_9LiveActorEPKcPN15alNerveFunction20NerveActionCollectorEi,
0x0027FBE0,O,000040,_ZN2al16startNerveActionEPNS_9LiveActorEPKc,
0x0027FE9C,O,000152,_ZN2al9LiveActorC1EPKc,
0x0027FF70,O,000012,_ZN2al9LiveActor6appearEv,
0x002801E0,M,000144,_ZN2al24initActorWithArchiveNameEPNS_9LiveActorERKNS_13ActorInitInfoERKN4sead14SafeStringBaseIcEEPKc,
0x00280270,O,000016,_ZN2al19startHitReactionGetEPKNS_9LiveActorE,
0x0028028C,O,000012,_ZN2al8getTransEPKNS_9LiveActorE,
0x00280428,O,000072,_ZN2al11MapObjActorC1ERKN4sead14SafeStringBaseIcEE,
0x00280590,O,000040,_ZN2al17initActorPoseTQSVEPNS_9LiveActorE,
0x00280610,O,000032,_ZN2al8setNerveEPNS_9IUseNerveEPKNS_5NerveE,
0x0028065C,O,000076,_ZN2al18invalidateClippingEPNS_9LiveActorE,
0x002806A8,O,000040,_ZN2al7isNerveEPKNS_9IUseNerveEPKNS_5NerveE,
0x00284278,U,000104,LMSi_SearchBlockByName,
0x002842E0,U,000012,LMSi_Malloc,
0x0028940C,m,000036,_printf_cs_common,gdef
0x00289E98,O,000016,_sputc,gdef
0x00289EA8,O,000020,_printf_input_char,gdef
0x00289EBC,m,000060,_printf_char_common,gdef
0x0028AA60,O,000184,strcmp,gdef
0x0028B518,O,000108,_ZNK2al20ByamlStringTableIter15findStringIndexEPKc,
0x0028B644,O,000024,_ZN2nn3svc11GetThreadIdEPjNS_6HandleE,
0x0028BBC4,O,000024,_ZN2nn3svc12GetProcessIdEPjNS_6HandleE,
0x0028BC4C,O,000008,_ZN2nn3svc11SleepThreadEy,
0x0028BC84,O,000008,_ZN2nn3svc16ArbitrateAddressENS_6HandleEjNS_2os15ArbitrationTypeEix,
0x0028C2A4,O,000084,_ZN2al11loadArchiveERKN4sead14SafeStringBaseIcEE,
0x0028C2F8,O,000020,_ZN2al9ByamlIterC1ERKS0_,
0x0028CAB4,M,000132,_ZNK2al9ByamlIter17getByamlDataByKeyEPNS_9ByamlDataEPKc,
0x0028DC40,O,000024,_ZN2nn3svc13ConnectToPortEPNS_6HandleEPKc,
0x0028E3BC,M,000112,_ZN2al13isEqualStringERKN4sead14SafeStringBaseIcEES4_,
0x0028E688,O,000012,_ZN2al14getApplicationEv,
0x0028E948,O,000028,_ZN4sead8ListNode12insertFront_EPS0_,
0x0028EABC,O,000064,__aeabi_vec_ctor_nocookie_nodtor,
0x0028EBA8,O,000036,_ZN2nn3svc20WaitSynchronizationNEPiPKNS_6HandleEibx,
0x0028EC8C,U,000004,_ZN2nn3dbg5BreakENS0_11BreakReasonE,
0x0028EC90,O,000008,_ZN2nn3svc5BreakENS_3dbg11BreakReasonE,
0x002905F0,O,000080,_ZN2al9ByamlIterC1EPKh,
0x00290EB0,O,000080,_ZN2al24makeLocalizedArchivePathEPN4sead22BufferedSafeStringBaseIcEERKNS0_14SafeStringBaseIcEE,
0x00290F60,O,000080,_ZNK2al9ByamlIter15tryGetBoolByKeyEPbPKc,
0x002910E8,O,000016,_ZN2al9ByamlIterC1Ev,
0x002910F8,O,000044,_ZNK2al9ByamlIter7getSizeEv,
0x00291970,O,000024,_ZN2nn3svc11CreateEventEPNS_6HandleENS_2os9ResetTypeE,
0x0029211C,U,000048,_ZN2nn3srv16GetServiceHandleEPNS_6HandleEPKcij,
0x00292158,O,000096,strlen,gdef
0x00292308,O,000056,_ZN2al13isEqualStringEPKcS1_,
0x00292D10,O,000016,_ZN18alProjectInterface12getSystemKitEv,
0x00292E2C,U,000216,_ZN4sead7ExpHeap6createEjRKNS_14SafeStringBaseIcEEPNS_4HeapENS5_13HeapDirectionEb,
0x00293054,O,000036,_ZN2nn3svc13ControlMemoryEPjjjjjj,
0x0029329C,O,000020,_ZN2al16getStationedHeapEv,
0x00293614,O,000008,_ZN2nn3svc11ExitProcessEv,
0x002D4FF4,O,000072,_ZN2al3Sky4initERKNS_13ActorInitInfoE,
0x002D503C,O,000076,_ZN2al3SkyC1EPKc,
0x002F0424,O,000020,_ZN4sead7HeapMgrC1Ev,
0x0030B60C,m,000456,_ZN6Togezo4initERKN2al13ActorInitInfoE,
0x0030B860,O,000060,_ZN6TogezoC1ERKN4sead14SafeStringBaseIcEE,
0x00312660,O,000004,_ZN7NoteObj18initAfterPlacementEv,
0x00312664,M,000212,_ZN7NoteObj4initERKN2al13ActorInitInfoE,
0x00312790,M,000048,_ZN7NoteObj7controlEv,
0x003127C0,M,000176,_ZN7NoteObjC1EP16NoteObjGenerator,
0x00312870,M,000132,_ZN7NoteObjC1EPKc,
0x00313464,O,000100,_ZN7RailDot4initERKN2al13ActorInitInfoE,
0x003134C8,O,000040,_ZN7RailDotC1ERKN4sead14SafeStringBaseIcEE,
0x00314DCC,O,000116,_ZN8FireBall10receiveMsgEjPN2al9HitSensorES2_,
0x00314E40,O,000164,_ZN8FireBall12attackSensorEPN2al9HitSensorES2_,
0x00314EE4,O,000104,_ZN8FireBall4initERKN2al13ActorInitInfoE,
0x00314FE4,O,000040,_ZN8FireBallC1ERKN4sead14SafeStringBaseIcEE,
0x00318A2C,O,000004,_ZN2al8Sequence4initEv,
0x00318A30,O,000028,_ZN2al8Sequence4unk3Ev,
0x00318A4C,O,000028,_ZN2al8Sequence4unk1Ev,
0x00318A68,O,000028,_ZN2al8Sequence4unk2Ev,
0x0031B378,O,000052,_ZN2al9EffectObj17makeActorAppearedEv,
0x0031B3AC,O,000164,_ZN2al9EffectObj4initERKNS_13ActorInitInfoE,
0x0031B45C,O,000144,_ZN2al17EffectObjFunction18initActorEffectObjEPNS_9EffectObjERKNS_13ActorInitInfoEPKc,
0x0031B4F8,O,000040,_ZN2al9EffectObj4killEv,
0x0031B56C,M,000052,_ZN2al9EffectObjC1ERKN4sead14SafeStringBaseIcEE,
0x0031B6EC,O,000104,_ZN9FlowerPot4initERKN2al13ActorInitInfoE,
0x0031B754,O,000040,_ZN9FlowerPotC1ERKN4sead14SafeStringBaseIcEE,
0x00321A60,O,000084,_ZN9PeachRope4initERKN2al13ActorInitInfoE,
0x00321AB4,O,000024,_ZN9PeachRope4killEv,
0x00321ACC,O,000040,_ZN9PeachRopeC1ERKN4sead14SafeStringBaseIcEE,
0x00325B44,M,000700,_ZN10CourseList5WorldC1EPKN2al9ByamlIterE,
0x0032C73C,O,000008,_ZNK14PlayerAnimator12getAnimFrameEv,
0x0032C744,O,000008,_ZNK19PlayerAnimFrameCtrl15getCurrentFrameEv,
0x0032F2A0,O,000024,_ZN24KoopaLastStageStartParam16getStageDataNameEv,
0x0032F414,M,000048,_ZNK2al10FunctorV0F5cloneEv,
0x0032F444,O,000008,_ZNK2al10FunctorV0FclEv,
0x0032F618,O,000016,_ZNK2al10RailKeeper11isExistRailEv,
0x0032FA78,O,000008,_ZNK2al11LayoutActor14getNerveKeeperEv,
0x0032FA80,O,000008,_ZNK2al11LayoutActor15getEffectKeeperEv,
0x0032FD54,O,000020,_ZNK2al11NerveKeeper15getCurrentNerveEv,
0x00330868,M,000180,_ZNK2al13AreaShapeCube10isInVolumeERKN4sead7Vector3IfEE,
0x00331350,O,000116,_ZNK2al13ByamlHashIter8findPairEi,
0x00331520,O,000008,_ZNK2al13NerveExecutor14getNerveKeeperEv,
0x00332840,O,000024,_ZN2al15isExistSceneObjEi,
0x00332858,O,000020,_ZNK2al14SceneObjHolder7isExistEi,
0x00332884,O,000012,_ZNK2al14SceneObjHolder6getObjEi,
0x00332A7C,O,000104,_ZNK2al15NerveActionCtrl9findNerveEPKc,
0x00334EF8,O,000008,_ZNK2al19ActorPoseKeeperBase7getQuatEv,
0x00334F04,O,000008,_ZNK2al19ActorPoseKeeperBase8getFrontEv,
0x00334F10,O,000008,_ZNK2al19ActorPoseKeeperBase9getRotateEv,
0x00334F78,O,000008,_ZNK2al19ActorPoseKeeperTFSV11getVelocityEv,
0x00334F80,O,000008,_ZNK2al19ActorPoseKeeperTFSV8getFrontEv,
0x00334F88,O,000008,_ZNK2al19ActorPoseKeeperTFSV8getScaleEv,
0x00335064,O,000008,_ZNK2al19ActorPoseKeeperTQSV11getVelocityEv,
0x0033506C,O,000008,_ZNK2al19ActorPoseKeeperTQSV7getQuatEv,
0x00335074,O,000008,_ZNK2al19ActorPoseKeeperTQSV8getScaleEv,
0x003350E0,O,000008,_ZNK2al19ActorPoseKeeperTRSV11getVelocityEv,
0x003350E8,O,000008,_ZNK2al19ActorPoseKeeperTRSV8getScaleEv,
0x003350F0,O,000008,_ZNK2al19ActorPoseKeeperTRSV9getRotateEv,
0x003352A0,O,000008,_ZNK2al20ActorPoseKeeperTFGSV10getGravityEv,
0x00336F6C,O,000004,_ZNK2al5Nerve12executeOnEndEPNS_11NerveKeeperE,
0x00337030,O,000036,_ZNK2al7AreaObj10isInVolumeERKN4sead7Vector3IfEE,
0x00337054,O,000008,_ZNK2al7AreaObj20getStageSwitchKeeperEv,
0x003375DC,U,000024,_ZNK2al9LiveActor10getBaseMtxEv,
0x003375F4,O,000008,_ZNK2al9LiveActor14getNerveKeeperEv,
0x00337604,O,000008,_ZNK2al9LiveActor15getEffectKeeperEv,
0x0033760C,O,000012,_ZN2al17isRailReachedGoalEPKNS_9LiveActorE,
0x00337618,O,000128,_ZNK2al9RailRider13isReachedGoalEv,
0x00349AF0,O,000060,_ZNK9NrvTogezo17TogezoNrvBlowDown7executeEPN2al11NerveKeeperE,
0x00349B2C,m,000188,_ZNK9NrvTogezo15TogezoNrvSearch7executeEPN2al11NerveKeeperE,
0x00349BE8,O,000060,_ZNK9NrvTogezo14TogezoNrvChase7executeEPN2al11NerveKeeperE,
0x00349C28,O,000080,_ZNK9NrvTogezo15TogezoNrvWander7executeEPN2al11NerveKeeperE,
0x00349C80,m,000180,_ZNK9NrvTogezo13TogezoNrvTurn7executeEPN2al11NerveKeeperE,
0x00349D34,M,000092,_ZNK9NrvTogezo15TogezoNrvAttack7executeEPN2al11NerveKeeperE,
0x0034C4E8,O,000004,_ZNK10NrvRailDot14RailDotNrvWait7executeEPN2al11NerveKeeperE,
0x0034CD58,M,000140,_ZNK11NrvFireBall15FireBallNrvShot7executeEPN2al11NerveKeeperE,
0x0034E4F0,U,000004,_ZNK12NrvFlowerPot18FlowerPotNrvAppear7executeEPN2al11NerveKeeperE,
0x00350810,O,000040,_ZNK13NrvAppearStep17AppearStepNrvWait7executeEPN2al11NerveKeeperE,
0x00350838,O,000056,_ZNK13NrvAppearStep16AppearStepNrvEnd7executeEPN2al11NerveKeeperE,
0x00350870,O,000076,_ZNK13NrvAppearStep19AppearStepNrvAppear7executeEPN2al11NerveKeeperE,
0x003508C4,O,000076,_ZNK13NrvAppearStep22AppearStepNrvDisappear7executeEPN2al11NerveKeeperE,
0x003510B0,O,000140,_ZNK13NrvFugumannen18FugumannenNrvMove27executeEPN2al11NerveKeeperE,
0x0035113C,O,000060,_ZNK13NrvFugumannen21FugumannenNrvBlowDown7executeEPN2al11NerveKeeperE,
0x00351178,O,000152,_ZNK13NrvFugumannen17FugumannenNrvMove7executeEPN2al11NerveKeeperE,
0x0035308C,O,000004,_ZNK13NrvRailDotEnd17RailDotEndNrvWait7executeEPN2al11NerveKeeperE,
0x00356354,M,000220,_ZNK14NrvGhostPlayer19GhostPlayerNrvBegin7executeEPN2al11NerveKeeperE,
0x00357990,O,000140,_ZNK2al15NrvFallMapParts18FallMapPartsNrvEnd7executeEPNS_11NerveKeeperE,
0x00357A24,m,000180,_ZNK2al15NrvFallMapParts19FallMapPartsNrvFall7executeEPNS_11NerveKeeperE,
0x00357AD8,O,000052,_ZNK2al15NrvFallMapParts19FallMapPartsNrvWait7executeEPNS_11NerveKeeperE,
0x00357B10,O,000092,_ZNK2al15NrvFallMapParts21FallMapPartsNrvAppear7executeEPNS_11NerveKeeperE,
0x00357B74,M,000268,_ZNK2al15NrvFallMapParts23FallMapPartsNrvFallSign7executeEPNS_11NerveKeeperE,
0x0035A064,O,000004,_ZNK2al13NrvBreakModel17BreakModelNrvWait7executeEPNS_11NerveKeeperE,
0x0035A068,O,000048,_ZNK2al13NrvBreakModel18BreakModelNrvBreak7executeEPNS_11NerveKeeperE,
0x0035A098,M,000132,_ZNK2al13NrvWipeSimple17WipeSimpleNrvOpen7executeEPNS_11NerveKeeperE,
0x0035A11C,O,000060,_ZNK2al13NrvWipeSimple18WipeSimpleNrvClose7executeEPNS_11NerveKeeperE,
0x0035A15C,O,000064,_ZNK2al13NrvWipeSimple17WipeSimpleNrvWait7executeEPNS_11NerveKeeperE,
0x0035DD7C,O,000004,_ZNK17NrvTrickHintPanel21TrickHintPanelNrvWait7executeEPN2al11NerveKeeperE,
0x0035DD80,O,000088,_ZNK17NrvTrickHintPanel19TrickHintPanelNrvOn7executeEPN2al11NerveKeeperE,
0x0035DDE0,O,000060,_ZNK17NrvTrickHintPanel21TrickHintPanelNrvnrv37executeEPN2al11NerveKeeperE,
0x0035DE20,O,000056,_ZNK17NrvTrickHintPanel20TrickHintPanelNrvOff7executeEPN2al11NerveKeeperE,
0x003602D8,O,000076,_ZNK18NrvProductSequence23ProductSequenceNrvTitle7executeEPN2al11NerveKeeperE,
0x00360330,O,000072,_ZNK18NrvProductSequence24ProductSequenceNrvEnding7executeEPN2al11NerveKeeperE,
0x00360380,O,000044,_ZNK18NrvProductSequence25ProductSequenceNrvOpening7executeEPN2al11NerveKeeperE,
0x003604E4,O,000056,_ZNK18NrvProductSequence30ProductSequenceNrvKinopioHouse7executeEPN2al11NerveKeeperE,
0x0036416C,O,000016,_ZNK19NrvNoteObjGenerator23NoteObjGeneratorNrvMove7getNameEv,
0x0036417C,O,000016,_ZNK19NrvNoteObjGenerator23NoteObjGeneratorNrvWait7getNameEv,
0x0036418C,m,000104,_ZNK19NrvNoteObjGenerator23NoteObjGeneratorNrvWait7executeEPN2al11NerveKeeperE,
0x003641F4,O,000016,_ZNK19NrvNoteObjGenerator26NoteObjGeneratorNrvSuccess7getNameEv,
0x00364204,O,000052,_ZNK19NrvNoteObjGenerator26NoteObjGeneratorNrvSuccess7executeEPN2al11NerveKeeperE,
0x00364238,O,000020,_ZNK19NrvNoteObjGenerator28NoteObjGeneratorNrvDisappear7getNameEv,
0x00367EC8,O,000044,_ZNK21NrvAquariumSwimDebris27AquariumSwimDebrisNrvAppear7executeEPN2al11NerveKeeperE,
0x00369744,O,000104,_ZNK2al19NrvRailMoveMovement23RailMoveMovementNrvMove7executeEPNS_11NerveKeeperE,
0x00375754,O,000008,_ZNK2al8Sequence12isDisposableEv,
0x00375A4C,O,000024,_ZN2al8Sequence4unk5Ev,
0x00375A64,O,000008,_ZN2al8Sequence4unk4Ev,
0x00375B38,O,000008,_ZNK2al9EffectObj10getBaseMtxEv,
0x00375E4C,O,000032,_ZThn12_N2al9LiveActor21initStageSwitchKeeperEv,
0x00375F28,O,000008,_ZThn12_NK2al9LiveActor20getStageSwitchKeeperEv,
0x003765A0,O,000008,_ZThn4_NK2al11LayoutActor14getAudioKeeperEv,
0x00376A3C,O,000008,_ZThn8_NK2al11LayoutActor15getEffectKeeperEv,
0x00376A44,O,000008,_ZThn8_NK2al9LiveActor14getAudioKeeperEv,
0x00376BC4,O,000036,_ZThn96_N11CoinRotater26initAfterPlacementSceneObjERKN2al13ActorInitInfoE,
0x0037FEC0,M,000384,__sti___10_Togezo_cpp,
0x0038093C,O,000016,__sti___11_RailDot_cpp,
0x00380D6C,O,000016,__sti___12_FireBall_cpp,
0x00381350,M,000104,__sti___12_seadQuat_cpp,
0x00381514,O,000016,__sti___13_FlowerPot_cpp,
0x0038211C,m,000052,__sti___14_AppearStep_cpp,
0x00382410,m,000040,__sti___14_Fugumannen_cpp,
0x00382A94,O,000016,__sti___14_RailDotEnd_cpp,
0x00383870,M,001424,__sti___14_seadVector_cpp,
0x00384D60,M,000060,__sti___15_seadHeapMgr_cpp,
0x00384F8C,m,000064,__sti___18_alFallMapParts_cpp,
0x003857E4,m,000028,__sti___16_alBreakModel_cpp,
0x00385844,m,000040,__sti___16_alWipeSimple_cpp,
0x00386BDC,m,000052,__sti___18_TrickHintPanel_cpp,
0x00388B08,M,000080,__sti___20_NoteObjGenerator_cpp,
0x0038A12C,m,000036,__sti___21_alActorPoseKeeper_cpp,
0x0038A440,O,000016,__sti___22_AquariumSwimDebris_cpp,
0x0039674C,O,000052,_ZN2al19createActorFunctionINS_12FallMapPartsEEEPNS_9LiveActorEPKc,t
0x003975C4,O,000052,_ZN2al19createActorFunctionI16NoteObjGeneratorEEPNS_9LiveActorEPKc,t
0x00397E64,O,000040,_ZN2al19createActorFunctionINS_3SkyEEEPNS_9LiveActorEPKc,t
0x0039842C,O,000052,_ZN2al19createActorFunctionI6TogezoEEPNS_9LiveActorEPKc,t
0x0039865C,O,000040,_ZN2al19createActorFunctionI7NoteObjEEPNS_9LiveActorEPKc,t
0x00398A74,O,000052,_ZN2al19createActorFunctionINS_9EffectObjEEEPNS_9LiveActorEPKc,t
0x00398F44,O,000040,_ZN2al21createAreaObjFunctionINS_7AreaObjEEEPS1_PKc,t
0x0039B2FC,M,000064,_ZNK2al10FunctorV0MIP10AppearStepMS1_FvvEE5cloneEv,t
0x0039B33C,O,000040,_ZNK2al10FunctorV0MIP10AppearStepMS1_FvvEEclEv,t
0x003A0DA4,O,000056,__cpp_initialize__aeabi_,gdef
